Workbook

Sheet READ_ME
A1: Arrhenius — LPSCl1.6 / LPSOCl1.6 / B2O3@LPSCl1.6 (2026-09-07)
A3: ■ 시트 안내
A4: Params : 적합 파라미터. 파란 글씨만 입력이고 나머지는 수식 — Ea 를 바꾸면 다른 시트가 따라 움직입니다.
A5: Data : 측정점 9개 (3계 × 600/800/1000 K). sigma 는 D 에서 계산된 수식입니다.
A6: FitLines : 그림의 직선. 1000/T 를 x, lnD_* 를 y 로 그리세요. '구간' 열이 측정/외삽을 갈라 줍니다.
A7: RT_extrapolation : 300 K 외삽값 + Ea 오차 밴드.
A9: ■ sigma 와 Ea 는 서로 다른 층위입니다
A10: ⚠ 2026-09-07 정정: 저희가 종전에 sigma 를 'NE upper bound' 라고 적었는데 **부호가 틀렸습니다.**
A11: H_R<1 이면 NE 는 과소이고, 펠릿 입계는 반대로 실험을 낮춥니다 — 순 방향이 정해지지 않아 절대값을 못 씁니다.
A12: 같은 양끼리 대면 잘 맞습니다: 우리 D*(300 K) 1.02e-7 vs Adeli 7Li PFG 실측 D* 1.01e-7 cm^2/s.
A13: sigma(T) = n · e² · D(T) / (k_B · T) ← 그 온도의 D 하나만 씁니다. 다른 온도 정보가 안 들어갑니다.
A14: Ea = ln D vs 1/T 직선의 기울기 ← 세 점 전부를 써서 계마다 하나 나옵니다.
... A35: 설명 : kb/concepts/msd_reading.md

Sheet Data
A1: system | B1: T_K | C1: 1000/T [1/K] | D1: D_cm2_s | E1: ln D | F1: n_Li_cm-3 | G1: sigma_mS/cm | H1: status
A2: LPSCl1.6 | B2: 600 | C2: =1000/B2 -> 1.6666667 | D2: 1.037e-05 | E2: =LN(D2) -> -11.476594 | F2: 2.22e+22 | G2: =1000*F2*Params!$B$2^2*D2/(Params!$B$3*B2) -> 713.37516 | H2: baseline
A3: LPSCl1.6 | B3: 800 | C3: =1000/B3 -> 1.25 | D3: 2.845e-05 | E3: =LN(D3) -> -10.467362 | F3: 2.22e+22 | G3: =1000*F3*Params!$B$2^2*D3/(Params!$B$3*B3) -> 1467.8537 | H3: baseline
A4: LPSCl1.6 | B4: 1000 | C4: =1000/B4 -> 1 | D4: 4.728e-05 | E4: =LN(D4) -> -9.9594232 | F4: 2.22e+22 | G4: =1000*F4*Params!$B$2^2*D4/(Params!$B$3*B4) -> 1951.4973 | H4: baseline
A5: LPSOCl1.6 | B5: 600 | C5: =1000/B5 -> 1.6666667 | D5: 6.2705e-06 | E5: =LN(D5) -> -11.979654 | F5: 2.242e+22 | G5: =1000*F5*Params!$B$2^2*D5/(Params!$B$3*B5) -> 435.63627 | H5: baseline
A6: LPSOCl1.6 | B6: 800 | C6: =1000/B6 -> 1.25 | D6: 2.4162e-05 | E6: =LN(D6) -> -10.630729 | F6: 2.242e+22 | G6: =1000*F6*Params!$B$2^2*D6/(Params!$B$3*B6) -> 1258.9718 | H6: baseline
A7: LPSOCl1.6 | B7: 1000 | C7: =1000/B7 -> 1 | D7: 5.7093e-05 | E7: =LN(D7) -> -9.770829 | F7: 2.242e+22 | G7: =1000*F7*Params!$B$2^2*D7/(Params!$B$3*B7) -> 2379.885 | H7: baseline
A8: B2O3@LPSCl1.6 | B8: 600 | C8: =1000/B8 -> 1.6666667 | D8: 1.041e-05 | E8: =LN(D8) -> -11.472744 | F8: 2.381e+22 | G8: =1000*F8*Params!$B$2^2*D8/(Params!$B$3*B8) -> 768.06218 | H8: RETRACTED 2026-08-25
A9: B2O3@LPSCl1.6 | B9: 800 | C9: =1000/B9 -> 1.25 | D9: 2.163e-05 | E9: =LN(D9) -> -10.741429 | F9: 2.381e+22 | G9: =1000*F9*Params!$B$2^2*D9/(Params!$B$3*B9) -> 1196.9153 | H9: RETRACTED 2026-08-25
A10: B2O3@LPSCl1.6 | B10: 1000 | C10: =1000/B10 -> 1 | D10: 5.081e-05 | E10: =LN(D10) -> -9.8874174 | F10: 2.381e+22 | G10: =1000*F10*Params!$B$2^2*D10/(Params!$B$3*B10) -> 2249.2933 | H10: RETRACTED 2026-08-25
A12: ⚠ sigma 는 Haven ratio H_R=1 을 **가정**한 값입니다 — 상한이 아닙니다. READ_ME 참조.

Sheet FitLines
A1: 1000/T [1/K] | B1: T_K | C1: lnD_LPSCl1.6 | D1: lnD_LPSOCl1.6 | E1: lnD_B2O3 (RETRACTED) | F1: 구간
A2: 0.95 | B2: =1000/A2 -> 1052.6316 | C2: =Params!$E$8-(Params!$D$8/Params!$B$4)*(A2/1000) -> -9.8199932 | D2: =Params!$E$9-(Params!$D$9/Params!$B$4)*(A2/1000) -> -9.6184475 | E2: =Params!$E$10-(Params!$D$10/Params!$B$4)*(A2/1000) -> -9.8776249 | F2: 측정 구간 (600-1000 K)
A3: 0.96 | B3: =1000/A3 -> 1041.6667 | C3: =Params!$E$8-(Params!$D$8/Params!$B$4)*(A3/1000) -> -9.8429002 | D3: =Params!$E$9-(Params!$D$9/Params!$B$4)*(A3/1000) -> -9.6515025 | E3: =Params!$E$10-(Params!$D$10/Params!$B$4)*(A3/1000) -> -9.9007693 | F3: 측정 구간 (600-1000 K)
A4: 0.97 | B4: =1000/A4 -> 1030.9278 | C4: =Params!$E$8-(Params!$D$8/Params!$B$4)*(A4/1000) -> -9.8658072 | D4: =Params!$E$9-(Params!$D$9/Params!$B$4)*(A4/1000) -> -9.6845576 | E4: =Params!$E$10-(Params!$D$10/Params!$B$4)*(A4/1000) -> -9.9239137 | F4: 측정 구간 (600-1000 K)
A5: 0.98 | B5: =1000/A5 -> 1020.4082 | C5: =Params!$E$8-(Params!$D$8/Params!$B$4)*(A5/1000) -> -9.8887141 | D5: =Params!$E$9-(Params!$D$9/Params!$B$4)*(A5/1000) -> -9.7176126 | E5: =Params!$E$10-(Params!$D$10/Params!$B$4)*(A5/1000) -> -9.9470581 | F5: 측정 구간 (600-1000 K)
A6: 0.99 | B6: =1000/A6 -> 1010.101 | C6: =Params!$E$8-(Params!$D$8/Params!$B$4)*(A6/1000) -> -9.9116211 | D6: =Params!$E$9-(Params!$D$9/Params!$B$4)*(A6/1000) -> -9.7506676 | E6: =Params!$E$10-(Params!$D$10/Params!$B$4)*(A6/1000) -> -9.9702025 | F6: 측정 구간 (600-1000 K)
A7: 1 | B7: =1000/A7 -> 1000 | C7: =Params!$E$8-(Params!$D$8/Params!$B$4)*(A7/1000) -> -9.9345281 | D7: =Params!$E$9-(Params!$D$9/Params!$B$4)*(A7/1000) -> -9.7837226 | E7: =Params!$E$10-(Params!$D$10/Params!$B$4)*(A7/1000) -> -9.9933469 | F7: 측정 구간 (600-1000 K)
A8: 1.01 | B8: =1000/A8 -> 990.09901 | C8: =Params!$E$8-(Params!$D$8/Params!$B$4)*(A8/1000) -> -9.957435 | D8: =Params!$E$9-(Params!$D$9/Params!$B$4)*(A8/1000) -> -9.8167776 | E8: =Params!$E$10-(Params!$D$10/Params!$B$4)*(A8/1000) -> -10.016491 | F8: 측정 구간 (600-1000 K)
A9: 1.02 | B9: =1000/A9 -> 980.39216 | C9: =Params!$E$8-(Params!$D$8/Params!$B$4)*(A9/1000) -> -9.980342 | D9: =Params!$E$9-(Params!$D$9/Params!$B$4)*(A9/1000) -> -9.8498326 | E9: =Params!$E$10-(Params!$D$10/Params!$B$4)*(A9/1000) -> -10.039636 | F9: 측정 구간 (600-1000 K)
A10: 1.03 | B10: =1000/A10 -> 970.87379 | C10: =Params!$E$8-(Params!$D$8/Params!$B$4)*(A10/1000) -> -10.003249 | D10: =Params!$E$9-(Params!$D$9/Params!$B$4)*(A10/1000) -> -9.8828876 | E10: =Params!$E$10-(Params!$D$10/Params!$B$4)*(A10/1000) -> -10.06278 | F10: 측정 구간 (600-1000 K)
A11: 1.04 | B11: =1000/A11 -> 961.53846 | C11: =Params!$E$8-(Params!$D$8/Params!$B$4)*(A11/1000) -> -10.026156 | D11: =Params!$E$9-(Params!$D$9/Params!$B$4)*(A11/1000) -> -9.9159426 | E11: =Params!$E$10-(Params!$D$10/Params!$B$4)*(A11/1000) -> -10.085925 | F11: 측정 구간 (600-1000 K)
A12: 1.05 | B12: =1000/A12 -> 952.38095 | C12: =Params!$E$8-(Params!$D$8/Params!$B$4)*(A12/1000) -> -10.049063 | D12: =Params!$E$9-(Params!$D$9/Params!$B$4)*(A12/1000) -> -9.9489976 | E12: =Params!$E$10-(Params!$D$10/Params!$B$4)*(A12/1000) -> -10.109069 | F12: 측정 구간 (600-1000 K)
A13: 1.06 | B13: =1000/A13 -> 943.39623 | C13: =Params!$E$8-(Params!$D$8/Params!$B$4)*(A13/1000) -> -10.07197 | D13: =Params!$E$9-(Params!$D$9/Params!$B$4)*(A13/1000) -> -9.9820526 | E13: =Params!$E$10-(Params!$D$10/Params!$B$4)*(A13/1000) -> -10.132213 | F13: 측정 구간 (600-1000 K)
... A241: 3.34 | B241: =1000/A241 -> 299.4012 | C241: =Params!$E$8-(Params!$D$8/Params!$B$4)*(A241/1000) -> -15.294759 | D241: =Params!$E$9-(Params!$D$9/Params!$B$4)*(A241/1000) -> -17.518594 | E241: =Params!$E$10-(Params!$D$10/Params!$B$4)*(A241/1000) -> -15.409136 | F241: ⚠ 외삽 (측정 밖)
A243: 측정 구간은 1000/T = 1.00~1.67 (600~1000 K) 입니다. 그 밖은 '⚠ 외삽' 으로 표시했습니다 — 그림에서는 실선/점선을 나눠 그려 주세요.

Sheet RT_extrapolation
A1: 300 K 외삽 — 우리 적합선을 그대로 연장한 값 (1저자 요청 2026-09-07)
A2: ⚠ 이 시트의 값은 **측정 밖**입니다. 적합 구간(1000/T 1.00~1.67)의 끝점에서 2배 지점(3.33)까지 늘린 것이고, 아래 밴드는 Ea 오차막대(±1σ)만 반영한 것입니다 — 그것만으로도 6~14배 벌어집니다.
A3: ⛔ 논문·발표 인용 불가. 내부 비교·감각용으로만 쓰세요. 사유는 READ_ME 시트.
A5: system | B5: Ea_fit_eV | C5: Ea_err_eV | D5: D(300K)_cm2_s | E5: sigma(300K)_mS/cm | F5: sigma −1σ | G5: sigma +1σ | H5: 배율폭 | I5: status
A6: LPSCl1.6 | B6: =Params!$D$8 -> 0.197397 | C6: =Params!$C$8 -> 0.032 | D6: =Params!$F$8*EXP(-B6/(Params!$B$4*Params!$B$5)) -> 2.3131443e-07 | E6: =1000*Params!$H$8*Params!$B$2^2*D6/(Params!$B$3*Params!$B$5) -> 31.825259 | F6: =1000*Params!$H$8*Params!$B$2^2*(Params!$F$8*EXP(-(B6+C6)/(Params!$B$4*Params!$B$5)))/(Params!$B$3*Params!$B$5) -> 9.2298706 | G6: =1000*Params!$H$8*Params!$B$2^2*(Params!$F$8*EXP(-(B6-C6)/(Params!$B$4*Params!$B$5)))/(Params!$B$3*Params!$B$5) -> 109.73579 | H6: =G6/F6 -> 11.889201 | I6: baseline
A7: LPSOCl1.6 | B7: =Params!$D$9 -> 0.284846 | C7: =Params!$C$9 -> 0.024 | D7: =Params!$F$9*EXP(-B7/(Params!$B$4*Params!$B$5)) -> 2.5196588e-08 | E7: =1000*Params!$H$9*Params!$B$2^2*D7/(Params!$B$3*Params!$B$5) -> 3.501012 | F7: =1000*Params!$H$9*Params!$B$2^2*(Params!$F$9*EXP(-(B7+C7)/(Params!$B$4*Params!$B$5)))/(Params!$B$3*Params!$B$5) -> 1.3836025 | G7: =1000*Params!$H$9*Params!$B$2^2*(Params!$F$9*EXP(-(B7-C7)/(Params!$B$4*Params!$B$5)))/(Params!$B$3*Params!$B$5) -> 8.8588196 | H7: =G7/F7 -> 6.40272 | I7: baseline
A8: B2O3@LPSCl1.6 | B8: =Params!$D$10 -> 0.199443 | C8: =Params!$C$10 -> 0.034 | D8: =Params!$F$10*EXP(-B8/(Params!$B$4*Params!$B$5)) -> 2.0634698e-07 | E8: =1000*Params!$H$10*Params!$B$2^2*D8/(Params!$B$3*Params!$B$5) -> 30.449052 | F8: =1000*Params!$H$10*Params!$B$2^2*(Params!$F$10*EXP(-(B8+C8)/(Params!$B$4*Params!$B$5)))/(Params!$B$3*Params!$B$5) -> 8.1733277 | G8: =1000*Params!$H$10*Params!$B$2^2*(Params!$F$10*EXP(-(B8-C8)/(Params!$B$4*Params!$B$5)))/(Params!$B$3*Params!$B$5) -> 113.43541 | H8: =G8/F8 -> 13.87873 | I8: RETRACTED 2026-08-25
A11: ■ 이 값을 읽을 때 같이 기억할 것
A12: 1) B2O3 는 직선이 아닙니다 — 600→800 구간 Ea 0.151 eV, 800→1000 구간 0.294 eV (145 meV 차).
A13: 굽은 선을 300 K 까지 늘린 값이라 위 밴드보다도 더 불확실합니다. 이 축은 2026-08-25 철회됐습니다.
A14: 2) ⚠ sigma 는 H_R=1 을 가정한 값이고 **상한이 아닙니다.** H_R = D*/D_sigma 이고 우리 MD 는 D*(tracer) 를
A15: 주므로 sigma_NE = H_R x sigma_true 입니다. H_R<1(상관 이동)이면 NE 는 오히려 **과소**입니다 —
A16: Adeli 2019 가 Li5.5PS4.5Cl1.5 에서 H_R=0.23 을 실측했고, 그러면 sigma_true ~ 4.3배입니다.
A17: 반대로 펠릿 EIS 는 입계·기공 때문에 bulk 보다 낮게 나옵니다. 두 보정이 반대 방향이라 **순 방향이 미정**입니다.
A18: 3) MD 는 NVT(부피 고정)라 열팽창이 없습니다. 300 K 의 실제 격자는 이 셀과 다릅니다.
A19: 4) 밴드는 Ea 오차만 반영합니다 — D0 불확실도·곡률·프로토콜 편향은 안 들어가 있습니다 (즉 실제는 더 넓습니다).

Sheet Params
A1: 물리상수 (파란 글씨 = 고정 입력, 검정 = 수식)
A2: e [C] | B2: 1.6021766e-19
A3: k_B [J/K] | B3: 1.380649e-23
A4: k_B [eV/K] | B4: 8.6173333e-05
A5: T_RT [K] | B5: 300
A7: system | B7: Ea_ledger_eV | C7: Ea_err_eV | D7: Ea_fit_eV (이 3점 적합) | E7: lnD0 | F7: D0_cm2_s | G7: R2 | H7: n_Li_cm-3 | I7: status
A8: LPSCl1.6 | B8: 0.197 | C8: 0.032 | D8: 0.197397 | E8: -7.643831 | F8: =EXP(E8) -> 0.00047898992 | G8: 0.99796 | H8: 2.22e+22 | I8: baseline
A9: LPSOCl1.6 | B9: 0.287 | C9: 0.024 | D9: 0.284846 | E9: -6.478222 | F9: =EXP(E9) -> 0.0015365402 | G9: 0.99974 | H9: 2.242e+22 | I9: baseline
A10: B2O3@LPSCl1.6 | B10: 0.199 | C10: 0.034 | D10: 0.199443 | E10: -7.678907 | F10: =EXP(E10) -> 0.00046248011 | G10: 0.96507 | H10: 2.381e+22 | I10: RETRACTED 2026-08-25
A12: ⚠ Ea_ledger 와 Ea_fit 이 최대 2.2 meV 다릅니다. 원장값은 시드별 적합의 평균이고, 여기 적합은 시드평균 D 3점의 최소제곱선입니다(Jensen). 그림의 선은 Ea_fit 쪽입니다.
A13: ⚠ Ea_err 는 600 K 멀티시드 산포입니다 — 평균의 신뢰구간이 아니라 run-to-run 변동입니다.
